dim,channels,operation,mean_speedup,median_speedup,min_speedup,max_speedup,std_speedup,gpu_always_faster,gpu_never_faster
2,1,trace,0.3111778770752764,0.3119641073571028,0.2827844052805402,0.3387851185881861,0.028008634227383037,False,True
2,1,lambda_max,0.2771999282843963,0.2782685076663241,0.24467484657005664,0.30865643061680814,0.03200417426999941,False,True
2,1,svd_abs,0.2077098612088856,0.2119247789591677,0.18880837612315396,0.2223964285443352,0.017186141658127832,False,True
2,1,inverse,0.3138226619763464,0.3120979309533886,0.3029289740179967,0.32644108095765384,0.011850561843711601,False,True
2,1,frobenius_norm,0.34512930429617406,0.3357699118831228,0.3096684005535791,0.38994960045182037,0.040950780627864176,False,True
2,1,trace_norm,0.22472495847774346,0.22749482804006577,0.21916585668794644,0.22751419070521817,0.004814333106484609,False,True
2,1,addition,0.3196127484095046,0.323751824225661,0.28247646843586227,0.35260995256699057,0.03524947319537874,False,True
2,1,multiplication,0.3559330996907893,0.3563591330778185,0.3274237649706391,0.3840164010239104,0.028298723331621402,False,True
2,1,entropy,0.286647135266669,0.29932800599567116,0.2594906973080814,0.3011227024962545,0.023535278324916104,False,True
2,1,michelson,0.34508562245472413,0.33469924034619164,0.32494697853660953,0.3756106484813713,0.026881398085781796,False,True
2,2,trace,0.4211172353609136,0.4084956060692053,0.39736347123628823,0.4574926287772473,0.03198996782007368,False,True
2,2,lambda_max,0.4078812145151554,0.4051107371791147,0.3974834696482742,0.42104943671807726,0.012024781057711487,False,True
2,2,svd_abs,0.23607792922412726,0.24195928099656572,0.22120731085459322,0.24506719582122286,0.01297174821134659,False,True
2,2,inverse,0.36935727510639743,0.3707809541654755,0.3532553752858152,0.3840354958679018,0.015439368585191269,False,True
2,2,frobenius_norm,0.36776103031558244,0.35793359642946954,0.33929563095269033,0.40605386356458734,0.03444704991658178,False,True
2,2,trace_norm,0.2579438028060321,0.2612438823115018,0.24803550532771015,0.2645520207788842,0.00873880507958804,False,True
2,2,addition,0.3033537886922612,0.30885107156805824,0.2899210629258154,0.31128923158291,0.011696783626361085,False,True
2,2,multiplication,0.3581002873474308,0.35399508607790675,0.3384963297074568,0.381809446256929,0.021946435346190434,False,True
2,2,entropy,0.30101393936390175,0.3103689346617408,0.280830804253742,0.3118420791762224,0.017494620483061607,False,True
2,2,michelson,0.38763377079295774,0.3596045258917112,0.35041706810456547,0.45287971838259666,0.05669107163213687,False,True
2,4,trace,0.37837007091581115,0.39646746454750303,0.33926815592127263,0.39937459227865785,0.03389443413145292,False,True
2,4,lambda_max,0.4307249625380057,0.4299034434147636,0.4174390264124474,0.4448324177868062,0.013715161063567148,False,True
2,4,svd_abs,0.23916323171236495,0.23128495667423674,0.22381410011048744,0.26239063835237064,0.020459416874978736,False,True
2,4,inverse,0.38742567598933214,0.38535359339110314,0.3777151730768074,0.39920826150008587,0.010895336489210842,False,True
2,4,frobenius_norm,0.3632624265942151,0.3390688418864138,0.310714921761516,0.4400035161347155,0.06795500213015666,False,True
2,4,trace_norm,0.24097851751457164,0.24347621981947024,0.23324997464752517,0.2462093580767195,0.006831199917960316,False,True
2,4,addition,0.2988915146201639,0.30288961401436876,0.2901187561979298,0.30366617364819315,0.007607347038710719,False,True
2,4,multiplication,0.374684590140844,0.36767995737899184,0.3656409248838711,0.39073288815966917,0.013935577324058354,False,True
2,4,entropy,0.3072145326877455,0.31091007814723975,0.2886664137157026,0.32206710620029405,0.017004245258021664,False,True
2,4,michelson,0.3630397083320378,0.3635505285041323,0.3499153290082822,0.3756532674836989,0.012876570668359184,False,True
2,8,trace,0.41326034494415725,0.41672459325041344,0.38051515889451987,0.4425412826875385,0.031157836421071783,False,True
2,8,lambda_max,0.4288993982444795,0.44715060486251434,0.3898049578883014,0.4497426319826227,0.03388157465673517,False,True
2,8,svd_abs,0.25244405420554744,0.2518810145649962,0.24891500471220657,0.2565361433394396,0.00384164010827405,False,True
2,8,inverse,0.4593512188960002,0.4434473776183854,0.44057316064499563,0.49403311842461967,0.030069767158850274,False,True
2,8,frobenius_norm,0.3422560882904942,0.35132659718427506,0.31407567663430436,0.3613659910529034,0.02491583950314752,False,True
2,8,trace_norm,0.2704588169033318,0.2621678017213948,0.26086061250970105,0.28834803647889945,0.015506299322402736,False,True
2,8,addition,0.312197290549697,0.3166561051724417,0.29962425006109233,0.320311516415557,0.011040902054865933,False,True
2,8,multiplication,0.38482851031736914,0.3863023811447762,0.37141213498021464,0.39677101482711635,0.012743524558940155,False,True
2,8,entropy,0.3127345716438263,0.3115191505448565,0.3057683859064228,0.32091617848019954,0.00764668825704351,False,True
2,8,michelson,0.3360527068327807,0.342949884491438,0.32166115954577673,0.3435470764611274,0.012467021879651896,False,True
2,16,trace,0.3629518380264705,0.3650816550333565,0.3468781876932065,0.37689567135284874,0.015121654065489583,False,True
2,16,lambda_max,0.45436850163438036,0.4533035164945913,0.44310028520606476,0.46670170320248494,0.011836696239720577,False,True
2,16,svd_abs,0.29860245798747354,0.28994696675087456,0.28926024456133037,0.3166001626502156,0.01559025101423546,False,True
2,16,inverse,0.601625063015562,0.5872109691825665,0.5846207497630681,0.6330434701010511,0.027239943777519524,False,True
2,16,frobenius_norm,0.3579196667023221,0.3671888683995849,0.33405668432260593,0.3725134473847755,0.02083672794330643,False,True
2,16,trace_norm,0.30752739435688087,0.31253863203535825,0.2941216539779628,0.3159218970573215,0.011732306971880052,False,True
2,16,addition,0.3307049919264899,0.3171436678737625,0.291650966087839,0.38332034181786817,0.04731543875132752,False,True
2,16,multiplication,0.38359864873515254,0.39115745100044147,0.3672352412138043,0.39240325399121184,0.014184810028873852,False,True
2,16,entropy,0.3524720916053714,0.34780978013912206,0.3435356757625451,0.366070818914447,0.011969169995259375,False,True
2,16,michelson,0.37891490036627856,0.36591345574494144,0.34151961586741103,0.42931162948648316,0.04531707829840874,False,True
2,32,trace,0.3901021373337237,0.3939127771686712,0.3663897210057143,0.4100039138267855,0.022055389042639022,False,True
2,32,lambda_max,0.48933206878536567,0.48438733870448697,0.475840147468092,0.507768720183518,0.01652864802670267,False,True
2,32,svd_abs,0.37099588580215004,0.3681152010841709,0.3480093404005212,0.39686311592175794,0.024553952920113406,False,True
2,32,inverse,0.7816906383427874,0.8035899408406034,0.7279196490356075,0.8135623251521513,0.046833231583128514,False,True
2,32,frobenius_norm,0.37029548198220996,0.37017548088747887,0.36719079973255975,0.37352016532659127,0.003166388700519883,False,True
2,32,trace_norm,0.39505832748581526,0.4040241584610193,0.37475781223755344,0.4063930117588731,0.017620614518097027,False,True
2,32,addition,0.2856995379538026,0.28397687428915175,0.2810953703252861,0.29202636924697,0.005665453373967085,False,True
2,32,multiplication,0.34090703233912306,0.3580115255164929,0.28770460914357193,0.3770049623573044,0.04704318267470179,False,True
2,32,entropy,0.4068433757267768,0.3982949665500837,0.3888430606187483,0.4333921000114984,0.023472552104390542,False,True
2,32,michelson,0.3568406789936751,0.35102100726820645,0.3395311108597244,0.37996991885309434,0.020838083698491175,False,True
2,64,trace,0.3985680101779912,0.39377392857391086,0.37867627960896855,0.4232538223510943,0.022672157882553858,False,True
2,64,lambda_max,0.5415433308451242,0.5403946705204272,0.5371432972669816,0.5470920247479637,0.005072855214655913,False,True
2,64,svd_abs,0.5424051457878131,0.5378486957552021,0.5374567479215201,0.5519099936867172,0.008233772280191991,False,True
2,64,inverse,1.0384052873372966,0.990150455896048,0.9618658194364413,1.1631995866794007,0.10899641290486595,False,False
2,64,frobenius_norm,0.3677344597442243,0.37138826327412977,0.34755561612022356,0.3842594998383197,0.0186227409415006,False,True
2,64,trace_norm,0.5373864623989514,0.5366967569864891,0.5329538061322044,0.5425088240781608,0.00481470270669664,False,True
2,64,addition,0.29337265271107765,0.2929411634677792,0.289866901771361,0.29730989289409265,0.0037402094110593966,False,True
2,64,multiplication,0.4867402343497201,0.39825598329234035,0.3383237244070041,0.7236409953498159,0.20733896603290253,False,True
2,64,entropy,0.5367687973230275,0.5072354717016503,0.5063050367050976,0.5967658835623345,0.051961083468552084,False,True
2,64,michelson,0.339346807913315,0.34811574598533657,0.31714492235048536,0.352779755404123,0.019368299818863,False,True
2,128,trace,0.38620643052178966,0.3857836723188916,0.3628495867173722,0.4099860325291051,0.023571066465355266,False,True
2,128,lambda_max,0.6183964209228496,0.6217282241889495,0.5564210081967769,0.6770400303828226,0.06037849627998731,False,True
2,128,svd_abs,0.8287933486072859,0.8356514386460191,0.8134195103455556,0.8373090968302832,0.013339907602279258,False,True
2,128,inverse,1.680776518733846,1.6850172249384867,1.658907153567427,1.698405177695624,0.020087587444575523,True,False
2,128,frobenius_norm,0.37414383671853685,0.3667295182631613,0.3662345703352497,0.3894674215571996,0.013272921027174343,False,True
2,128,trace_norm,0.7950718086938928,0.793363114418345,0.7791796458866213,0.8126726657767122,0.016811761431657708,False,True
2,128,addition,0.31794366425187714,0.3217553439467289,0.2967640432592607,0.33531160554964184,0.01955441935227974,False,True
2,128,multiplication,0.3891078266621622,0.39457530426871934,0.3703399499812609,0.4024082257365063,0.01671865906740932,False,True
2,128,entropy,0.6892151179577279,0.7010653966819586,0.654965392240401,0.7116145649508243,0.03012646712735013,False,True
2,128,michelson,0.3562114011525718,0.34891004180507096,0.3412093765330088,0.3785147851196356,0.019695323396552673,False,True
2,256,trace,0.4526831124647468,0.44638092796992973,0.44435640980684293,0.4673119996174678,0.012709363593172178,False,True
2,256,lambda_max,0.7994092272595169,0.799891830088892,0.7656856670537692,0.8326501846358897,0.03348486722192164,False,True
2,256,svd_abs,1.2329459087332604,1.205774347644879,1.2005805929558304,1.2924827855990717,0.05162580316221326,True,False
2,256,inverse,2.9607885145693906,2.9287514207675427,2.912375001276244,3.0412391216643853,0.0701517777059402,True,False
2,256,frobenius_norm,0.39657332072900037,0.4072419505856676,0.36386359559303394,0.41861441600829963,0.028892522065408148,False,True
2,256,trace_norm,1.2176308374132845,1.1999909845967638,1.1995159367992898,1.2533855908438,0.03096543576732277,True,False
2,256,addition,0.2963698768043252,0.29269778825081355,0.29095725964126756,0.30545458252089447,0.007915571263507257,False,True
2,256,multiplication,0.4110466227673189,0.4113825054733205,0.4083114373283897,0.41344592550024645,0.002583670855754933,False,True
2,256,entropy,0.9762963696493746,0.9905698541617809,0.9394206681273346,0.998898586659008,0.03220566671114764,False,True
2,256,michelson,0.39697565612836955,0.3840757110232262,0.3697724155471484,0.437078841814734,0.035459063608833045,False,True
2,512,trace,0.4589396431709544,0.46366928599092266,0.44725594262249135,0.4658937008994493,0.010179324599448454,False,True
2,512,lambda_max,1.3337471357556228,1.3135430187748345,1.3031595191532783,1.3845388693387557,0.04429226136000141,True,False
2,512,svd_abs,2.011231816970557,1.7538455977680474,1.7257823316765326,2.5540675214670916,0.47031886872962836,True,False
2,512,inverse,5.611732924195724,5.6059014955973545,5.598274899633619,5.6310223773562,0.017134861946369852,True,False
2,512,frobenius_norm,0.4207064054145144,0.45598322992109686,0.3438303748258496,0.46230561149659655,0.06665160303022381,False,True
2,512,trace_norm,1.7474773473254057,1.8008249852211233,1.5958432278504195,1.8457638289046745,0.13322745422629476,True,False
2,512,addition,0.3273267148809447,0.340237278500845,0.3007809541537076,0.34096191198828163,0.022992158073212123,False,True
2,512,multiplication,0.3885264401918849,0.41052097805405013,0.31716280986150464,0.43789553266010006,0.06330021611667913,False,True
2,512,entropy,1.4491735216699635,1.4697429503662982,1.312611163233051,1.565166451410542,0.12752791633314667,True,False
2,512,michelson,0.41242211596832673,0.42137537909940265,0.3930551825872711,0.4228357862183064,0.0167881439914578,False,True
2,1024,trace,0.5776617933965865,0.5678426165685041,0.48606453001774447,0.6790782336035107,0.09688077527641577,False,True
2,1024,lambda_max,2.1879451920076445,2.1827679831916336,2.1075580572584434,2.2735095355728574,0.08309678638207554,True,False
2,1024,svd_abs,2.483353966871303,2.474395689750069,2.466810672399553,2.5088555384642874,0.022408273858911656,True,False
2,1024,inverse,10.273880682954735,10.222557918406608,9.763825648442122,10.835258482015472,0.5375570656548024,True,False
2,1024,frobenius_norm,0.5836159961875195,0.5545923879425452,0.5541349940094847,0.6421206066105285,0.05066699500526494,False,True
2,1024,trace_norm,2.5195251147721467,2.5330158886146523,2.444565374953707,2.5809940807480816,0.06920764896551694,True,False
2,1024,addition,0.33862585897517744,0.35011442790149716,0.2973114549867718,0.3684516940372634,0.03693540056668361,False,True
2,1024,multiplication,0.46977692805655963,0.4807236222456863,0.43958424060876633,0.4890229213152263,0.02647486303555731,False,True
2,1024,entropy,2.0702197215511515,2.0646147895927007,2.0288534722485814,2.1171909028121734,0.0444346357736677,True,False
2,1024,michelson,0.5009629943025313,0.48588808439585685,0.45000764098421675,0.5669932575275204,0.05993203067663387,False,True
4,1,trace,0.356943190578247,0.356107624683088,0.3540095532348077,0.36071239381684544,0.0034286507172527395,False,True
4,1,lambda_max,0.29100908415114124,0.2757997694389204,0.27433633157933296,0.32289115143517033,0.027620374242934106,False,True
4,1,svd_abs,0.20196346693187495,0.19593136447467052,0.18456930333125798,0.2253897329896963,0.021068140981480462,False,True
4,1,inverse,0.3813116803199494,0.31096257342398986,0.2856033249819365,0.5473691425539218,0.1443678753846465,False,True
4,1,frobenius_norm,0.48528924484524877,0.34009140329189375,0.3391684497342446,0.7766078815096078,0.25228976200354036,False,True
4,1,trace_norm,0.25748499612107734,0.22133782364869914,0.2019816636906717,0.34913550102386115,0.0799595305062604,False,True
4,1,addition,0.4923698808611608,0.5472110624765412,0.2954958982600144,0.6344026818469268,0.17598329009038025,False,True
4,1,multiplication,0.42244433306665713,0.3360503045770853,0.3209498754026573,0.6103328192202286,0.1628912771210405,False,True
4,1,entropy,0.26464327539581783,0.26046620394275005,0.25581774591292666,0.2776458763317767,0.011497946070433902,False,True
4,1,michelson,0.33016087257843846,0.32986869426238463,0.30940973387132403,0.3512041896016068,0.020898759737695463,False,True
4,2,trace,0.36728859767851113,0.3666605090038883,0.3612792266034047,0.37392605742824037,0.0063467672098002255,False,True
4,2,lambda_max,0.4093539102822987,0.4086514941691468,0.40737473523652373,0.4120355014412256,0.0024084697840608847,False,True
4,2,svd_abs,0.2038852985178198,0.20544749135888757,0.1968625756442462,0.2093458285503257,0.006386566811190356,False,True
4,2,inverse,0.38041165090691753,0.3708716783625538,0.3708700249691745,0.39949324938902425,0.016525149050997424,False,True
4,2,frobenius_norm,0.3470234725684629,0.3477730504915714,0.34504372163846614,0.34825364557535116,0.0017312721384160291,False,True
4,2,trace_norm,0.22908180296822103,0.21836668288896977,0.21802541813093837,0.25085330788475496,0.01885544842099398,False,True
4,2,addition,0.2750278253995627,0.28064642467265644,0.2594348462440538,0.2850022052819779,0.013678412019939929,False,True
4,2,multiplication,0.3840591962946776,0.36953197786440434,0.3638057822159115,0.4188398288037171,0.030256679055174655,False,True
4,2,entropy,0.26936801422786816,0.27294890256651694,0.2590257159274593,0.27612942418962816,0.009096773056955354,False,True
4,2,michelson,0.3230619545800714,0.3213517315243597,0.31815108974437745,0.3296830424714771,0.005953161395446233,False,True
4,4,trace,0.3546353304531666,0.36217576175888405,0.3329728980167403,0.3687573315838753,0.019046653239804576,False,True
4,4,lambda_max,0.41073148518037855,0.4110276905346596,0.4080724226759972,0.41309434233047904,0.0025240290138875787,False,True
4,4,svd_abs,0.20984837080475124,0.21933887923648995,0.18589953383622262,0.22430669934154115,0.02088851127433236,False,True
4,4,inverse,0.37561513336061064,0.37332002921083246,0.37311792007675815,0.3804074507942414,0.004151498743108291,False,True
4,4,frobenius_norm,0.3377082208069239,0.3458762346109052,0.3156783600376297,0.35157006777223676,0.019289660654172605,False,True
4,4,trace_norm,0.2526514147820034,0.2349583854788596,0.23367361825365365,0.28932224061349704,0.031764363004451145,False,True
4,4,addition,0.338885099569314,0.29253064545854585,0.2899999827006402,0.4341246705487561,0.08248959312397956,False,True
4,4,multiplication,0.42396778627445336,0.3499684929439919,0.3276431623478869,0.5942917035314814,0.14792661251069916,False,True
4,4,entropy,0.30245743261071056,0.2995557593988613,0.29432856089087706,0.3134879775423933,0.009903817050908826,False,True
4,4,michelson,0.3537176501172934,0.3487388086334197,0.32087304277011763,0.39154109894834277,0.03559614007014457,False,True
4,8,trace,0.36783305423955276,0.36647457489984925,0.36612813655118637,0.37089645126762283,0.0026586285742929965,False,True
4,8,lambda_max,0.4955582238574565,0.45940047726005295,0.4339899381611576,0.5932842561511591,0.08558158046698172,False,True
4,8,svd_abs,0.29391131249002816,0.2795526614879703,0.2721261023760703,0.3300551736060439,0.03152098455538804,False,True
4,8,inverse,0.46634555291326524,0.4512653547853801,0.443956712424726,0.5038145915296895,0.0326542601266406,False,True
4,8,frobenius_norm,0.34159124585450024,0.35081949086186154,0.3161265188745344,0.35782772782710476,0.022329757868445415,False,True
4,8,trace_norm,0.2850253300250526,0.2867815707985027,0.28006008917061326,0.2882343301060418,0.004360944846974734,False,True
4,8,addition,0.2978569912251434,0.29385607572951167,0.2920645296022255,0.30765036834369314,0.008528486731017883,False,True
4,8,multiplication,0.3681636160309099,0.3724798563689143,0.3555009778135737,0.3765100139102418,0.01114976894017709,False,True
4,8,entropy,0.32959034850871255,0.33033794320346677,0.32130102088272205,0.3371320814399488,0.007941964049425293,False,True
4,8,michelson,0.33892520579919827,0.3471103585895454,0.32187539812476235,0.34778986068328704,0.01476947484087672,False,True
4,16,trace,0.386975681151333,0.37182710262360763,0.36998575902702724,0.41911418180336435,0.027847981159872755,False,True
4,16,lambda_max,0.51985068856662,0.52185195110309,0.49870205965574466,0.5389980549410253,0.02022240336391172,False,True
4,16,svd_abs,0.3758108981117591,0.37248227507745907,0.3690840772473694,0.3858663420104489,0.008872479987178302,False,True
4,16,inverse,0.6408940866813669,0.65156103890952,0.6043885387168515,0.6667326824177293,0.032512089533390506,False,True
4,16,frobenius_norm,0.3540933563825905,0.35644261224852913,0.3428549650614995,0.36298249183774267,0.010267355349593789,False,True
4,16,trace_norm,0.3770649230639617,0.3774269328738492,0.3738266320772843,0.3799412042407516,0.0030733184853515417,False,True
4,16,addition,0.2994852717828704,0.29655327352997113,0.2946769518388424,0.30722558997979754,0.006768643890352897,False,True
4,16,multiplication,0.3691305138422461,0.37041930854244376,0.3637825251806268,0.37318970780366767,0.004834202629209254,False,True
4,16,entropy,0.3957390236013462,0.396816774953887,0.39083079765736184,0.39956949819278964,0.004467928238613424,False,True
4,16,michelson,0.34267673782618097,0.3472123186246829,0.33185706421672984,0.3489608306371301,0.00941080901547299,False,True
4,32,trace,0.3816848987661734,0.3819041210300738,0.37669183822428615,0.38645873704416034,0.004887138420400754,False,True
4,32,lambda_max,0.6095000145484732,0.6053814402665819,0.60099956105147,0.6221190423273679,0.011145856311981747,False,True
4,32,svd_abs,0.5450856212927745,0.543382649318615,0.5334224593462427,0.5584517552134658,0.012601249861058534,False,True
4,32,inverse,0.824888147839769,0.8475007362623029,0.7742773075263423,0.852886399730662,0.0439129162168945,False,True
4,32,frobenius_norm,0.34834078583808786,0.34760867909209453,0.34546356497585234,0.3519501134463169,0.0033046653356381232,False,True
4,32,trace_norm,0.5711767433150975,0.5707268482444038,0.5615214149121639,0.5812819667887248,0.009887955137314258,False,True
4,32,addition,0.300961450163406,0.299172791718186,0.2978833786297898,0.30582818014224217,0.004263735691070556,False,True
4,32,multiplication,0.38486291883829243,0.37815612198387394,0.37803469720666394,0.39839793732433937,0.01172182707846156,False,True
4,32,entropy,0.5314541487043493,0.5289883058106973,0.5228373502959535,0.542536790006397,0.010078554812495692,False,True
4,32,michelson,0.37527367666392025,0.3839752031665905,0.35352392751702694,0.38832189930814326,0.018960805172812064,False,True
4,64,trace,0.39070411250585724,0.39079589994123165,0.3903465605776986,0.39096987699864155,0.000321635725819957,False,True
4,64,lambda_max,0.8498182062052314,0.8184955110508639,0.810065289795659,0.9208938177691715,0.06169743979286328,False,True
4,64,svd_abs,0.9439431350692241,0.9472480605353213,0.9359222565950244,0.9486590880773264,0.006982021075912295,False,True
4,64,inverse,1.1823404755168987,1.1840769972854954,1.1690080847218003,1.1939363445434001,0.012554527682191207,True,False
4,64,frobenius_norm,0.35834864448092213,0.35331004784987446,0.3518839211015391,0.36985196449135294,0.009987654270265973,False,True
4,64,trace_norm,0.9469272615826037,0.9413104358425343,0.9381742586451507,0.9612970902601261,0.012543041258775978,False,True
4,64,addition,0.3086416305375624,0.30712652136970664,0.30693022973574186,0.31186814050723877,0.0027959627214444015,False,True
4,64,multiplication,0.3863890094348736,0.38339620831469,0.38320012085910865,0.392570699130822,0.005354398023616231,False,True
4,64,entropy,0.8004632160154209,0.8008142659056577,0.7941570293448941,0.8064183527957113,0.006138195191623219,False,True
4,64,michelson,0.39599851462846103,0.39075456626716004,0.3899963993172007,0.4072445783010224,0.00974675152943178,False,True
4,128,trace,0.39651064917502765,0.40080096827542,0.37656901557151157,0.41216196367815133,0.01818019849225749,False,True
4,128,lambda_max,1.2433819614852288,1.2529137446622947,1.2172397884786081,1.2599923513147835,0.022914767621912024,True,False
4,128,svd_abs,1.53136808129079,1.5224289002709488,1.4849582603223006,1.5867170832791204,0.05146500005215648,True,False
4,128,inverse,1.9107856696345291,1.9235989935521853,1.8815672208282166,1.9271907945231854,0.025367569287165624,True,False
4,128,frobenius_norm,0.37345419743843483,0.3829111694031839,0.35217301299054393,0.38527840992157664,0.018468014661756287,False,True
4,128,trace_norm,1.5647879384292398,1.5920544021871466,1.475184191793046,1.6271252213075262,0.07955572981800861,True,False
4,128,addition,0.32005550981340364,0.31950918624347285,0.31795727340807906,0.3227000697886589,0.00241813594721362,False,True
4,128,multiplication,0.4130306156658032,0.4108904607988655,0.39011365852790725,0.4380877276706368,0.02405853330252505,False,True
4,128,entropy,1.2608730653877547,1.2784540213439402,1.205830494804081,1.2983346800152427,0.04869367083764816,True,False
4,128,michelson,0.4234134121975975,0.4202721079396665,0.3979758603974356,0.4519922682556904,0.027144869198579755,False,True
4,256,trace,0.46236721641963135,0.43842234999700536,0.43819772670767565,0.5104815725542131,0.04166840606010206,False,True
4,256,lambda_max,2.1209642951627363,2.124027870109758,2.07655199742661,2.1623130179518406,0.04296251015681312,True,False
4,256,svd_abs,2.284995458923835,2.2808996438780085,2.2735388727192785,2.3005478601742184,0.013962561602460021,True,False
4,256,inverse,3.464963212487092,3.48729181990485,3.321529246453344,3.5860685711030813,0.13367568441361005,True,False
4,256,frobenius_norm,0.41624677091955203,0.41635285639358627,0.4152392995036726,0.41714815686139717,0.0009588402885181658,False,True
4,256,trace_norm,2.2528724307918147,2.249264095737259,2.244550904745865,2.2648022918923196,0.010596920861191038,True,False
4,256,addition,0.34396390086181006,0.350220287912908,0.32495908443449617,0.35671233023802595,0.01677569488768513,False,True
4,256,multiplication,0.45598842172425336,0.4635436132116282,0.425839840945712,0.4785818110154199,0.027170563860852568,False,True
4,256,entropy,1.8723576048608972,1.8716512189225298,1.8658401459347067,1.8795814497254548,0.006897832506508795,True,False
4,256,michelson,0.4941649561842869,0.4938885396103815,0.4648927664354806,0.5237135625069984,0.029411372242952524,False,True
4,512,trace,0.49015599333076887,0.49022299315431317,0.48659324892974914,0.4936517379082444,0.0035297214333642507,False,True
4,512,lambda_max,3.727405316369312,3.711582436108438,3.6406043862375204,3.8300291267619784,0.09569851480301056,True,False
4,512,svd_abs,2.881906086636681,2.802767581881622,2.7984758637656477,3.044474814262773,0.14080500031096777,True,False
4,512,inverse,6.56888429299665,6.522006290612363,6.50628884210921,6.678357746268378,0.09513194665983736,True,False
4,512,frobenius_norm,0.4888274168573392,0.47723388993611243,0.47585180561194235,0.5133965550239629,0.021288716540875857,False,True
4,512,trace_norm,3.0209172453714963,3.0316000479661516,2.998889786533308,3.0322619016150303,0.019079209095615175,True,False
4,512,addition,0.41036160937006577,0.4086599924852557,0.4066069599676736,0.415817875657268,0.0048354800151802135,False,True
4,512,multiplication,0.6164615518704554,0.5908673275491485,0.5718978258999458,0.6866195021622722,0.061494422430546855,False,True
4,512,entropy,2.617150777010068,2.618559369366232,2.607952180893095,2.624940780770876,0.008581446892640938,True,False
4,512,michelson,0.6225223847630471,0.6075258100870947,0.5900363028180873,0.6700050413839594,0.04204072699136833,False,True
4,1024,trace,0.5730310752503879,0.5605355221545555,0.5586380310147651,0.5999196725818428,0.023305527627501633,False,True
4,1024,lambda_max,6.561280782563453,6.528217278794426,6.458132725015696,6.697492343880236,0.12305752007438524,True,False
4,1024,svd_abs,3.521510694641209,3.5870966280135628,3.379039776166757,3.5983956797433074,0.12351270825592525,True,False
4,1024,inverse,13.612721166559595,13.598193596289102,13.13965612331196,14.100313780077723,0.48049357029948353,True,False
4,1024,frobenius_norm,0.5974916252598965,0.597624631433474,0.5713942999679433,0.6234559443782721,0.02603107705529176,False,True
4,1024,trace_norm,3.7594222015555663,3.756716390732989,3.747887279610865,3.7736629343228447,0.013099127952405134,True,False
4,1024,addition,0.5856422931956985,0.5697689688425372,0.5633312175930634,0.6238266931514951,0.033224952374318016,False,True
4,1024,multiplication,0.8633248657969345,0.8157666938196428,0.8026513044604973,0.9715565991106629,0.09396054720775655,False,True
4,1024,entropy,3.53562101116646,3.5396481822853754,3.5144573052803185,3.552757545933685,0.019465114665529713,True,False
4,1024,michelson,0.9523835689897607,0.981661825834229,0.8600349060582781,1.0154539750767748,0.08174156835131102,False,False
8,1,trace,0.37723954312220814,0.369671749810552,0.3486772270680541,0.4133696524880183,0.033003501304942916,False,True
8,1,lambda_max,0.3256944837258518,0.33845671460309795,0.2950716606770388,0.3435550758974186,0.026642377720110497,False,True
8,1,svd_abs,0.17456747282338195,0.17494581618208963,0.17362650917400396,0.17513009311405228,0.0008200908114358172,False,True
8,1,inverse,0.3439890974257041,0.32228231344315555,0.3079665570491417,0.40171842178481504,0.05050486499836195,False,True
8,1,frobenius_norm,0.3481168252727349,0.34387778970071536,0.3415453058815965,0.3589273802358928,0.009434574402176646,False,True
8,1,trace_norm,0.1792011563211736,0.17815161345113545,0.17766980947508063,0.18178204603730466,0.0022480608450304333,False,True
8,1,addition,0.2970102212608707,0.2947766699265524,0.285426245929493,0.31082774792656653,0.012847203571170996,False,True
8,1,multiplication,0.4071616549071965,0.39889122806238675,0.39289630907831496,0.42969742758088797,0.019745393156547133,False,True
8,1,entropy,0.23505501634566717,0.23572204124892976,0.23032852122789418,0.23911448656017756,0.0044307999696669535,False,True
8,1,michelson,0.3288351807115882,0.32620253646944997,0.3247644167454983,0.3355385889198164,0.005849684460696201,False,True
8,2,trace,0.36609685582105783,0.3708886096373694,0.3524333369766382,0.37496862084916605,0.012007515699800499,False,True
8,2,lambda_max,0.4452055650052271,0.4394845322136451,0.4387371721153386,0.45739499068669764,0.01056296410162438,False,True
8,2,svd_abs,0.20297407823090105,0.20236709036345704,0.2013846335867531,0.20517051074249298,0.0019645717505366008,False,True
8,2,inverse,0.37169226320627763,0.3701476727594795,0.3687451143470664,0.37618400251228706,0.003952667962265491,False,True
8,2,frobenius_norm,0.3389140946461553,0.3466207530379981,0.3218546098780914,0.3482669210223764,0.014796857189013189,False,True
8,2,trace_norm,0.21621217273631976,0.20900434943902865,0.20832838080183302,0.23130378796809764,0.013074091598563944,False,True
8,2,addition,0.30235398375469114,0.30374015632520845,0.2934366124312777,0.3098851825075873,0.008311436108474728,False,True
8,2,multiplication,0.41520578645972633,0.41313630959572484,0.40598252941655494,0.42649852036689917,0.01041338187317788,False,True
8,2,entropy,0.2707723181425818,0.2708533173384428,0.26959596339325914,0.2718676736960434,0.0011380191462544292,False,True
8,2,michelson,0.3433846036472052,0.33798169365473624,0.3310741433231549,0.36109797396372434,0.015724222679466215,False,True
8,4,trace,0.3658448974068618,0.36240994706075874,0.3609633746069971,0.3741613705528298,0.007238503792683908,False,True
8,4,lambda_max,0.545876254612371,0.5442673276582192,0.5392145646819599,0.554146871496934,0.0075950596549321,False,True
8,4,svd_abs,0.27004794664876774,0.24784797699251457,0.24601002044265535,0.3162858425111333,0.040053736172846764,False,True
8,4,inverse,0.46701278107632865,0.42858588470047027,0.42699567293516816,0.5454567855933473,0.06793915348945827,False,True
8,4,frobenius_norm,0.33441288007559516,0.33180426655816136,0.3281746864927057,0.3432596871759185,0.007873560805990916,False,True
8,4,trace_norm,0.25903832770788965,0.2598092934834576,0.25593555614302677,0.26137013349718463,0.00279811524510771,False,True
8,4,addition,0.306145609872076,0.30358937483536697,0.3010125921650166,0.31383486261584437,0.0067825812233040655,False,True
8,4,multiplication,0.5026392653287645,0.4938977008503325,0.48541326744582153,0.5286068276901394,0.0228851944233126,False,True
8,4,entropy,0.30575734523896997,0.3056315802501443,0.3033378510796982,0.30830260438706747,0.0024847648731961152,False,True
8,4,michelson,0.3357560362280854,0.33584601362824346,0.33544556041413226,0.3359765346418805,0.0002766863875177246,False,True
8,8,trace,0.3781491810537691,0.37576745316883275,0.37568937375441874,0.38299071623805575,0.004193074206862206,False,True
8,8,lambda_max,8.981496569358013,12.902143187987988,0.7102409359997087,13.332105584086339,7.166342807163621,False,False
8,8,svd_abs,0.3567754495555082,0.3559615789560761,0.3545545359836341,0.35981023372681437,0.002720731281545908,False,True
8,8,inverse,14.75955873162647,16.049326096835607,12.035614417864505,16.193735680179298,2.3601097432741303,True,False
8,8,frobenius_norm,0.352499972144811,0.3513211897868643,0.3491637842911203,0.3570149423564484,0.004056145538222984,False,True
8,8,trace_norm,0.3596122341584153,0.3570322388401229,0.35287678080532237,0.3689276828298005,0.00833067499255953,False,True
8,8,addition,0.29919744716488567,0.3026620680322873,0.2890950468800847,0.3058352265822851,0.008891631033259123,False,True
8,8,multiplication,0.5814514598823491,0.5670845509414544,0.5635724368108317,0.6136973918947614,0.027980954860913218,False,True
8,8,entropy,0.3785632148833458,0.37841624159303167,0.37350737775822945,0.3837660252987764,0.0051309027667011805,False,True
8,8,michelson,0.363614401901573,0.3416722345155002,0.33766252684189185,0.41150844434732714,0.041525882474111465,False,True
8,16,trace,0.3694172958144433,0.376489818224265,0.3520207041960909,0.3797413650229741,0.015153355704194604,False,True
8,16,lambda_max,14.65653874015581,16.30246770135458,11.265012808016754,16.402135711096093,2.937570346276021,True,False
8,16,svd_abs,0.5472701375393955,0.5528249477088683,0.5277303056350571,0.561255159274261,0.017439062185125365,False,True
8,16,inverse,20.527038085161298,20.506412519595784,20.489173452547032,20.585528283341073,0.05138213522723652,True,False
8,16,frobenius_norm,0.3581798434414368,0.3585894306701148,0.34557815162136046,0.3703719480328352,0.012401971875344513,False,True
8,16,trace_norm,0.5315030614606279,0.5695973383148786,0.45157055192450674,0.5733412941424983,0.06924889069051118,False,True
8,16,addition,0.308980281930522,0.30660138291990013,0.30646565294061784,0.31387380993104813,0.004238462914284929,False,True
8,16,multiplication,0.7539065785252962,0.7505249744506334,0.7410209408299948,0.7701738202952603,0.01486771770876102,False,True
8,16,entropy,0.5381466216706056,0.5338945490183326,0.5308248734163009,0.5497204425771833,0.010140055466247654,False,True
8,16,michelson,0.33939375559635315,0.33849658164761987,0.338189808873252,0.3414948762681878,0.001826077337349459,False,True
8,32,trace,0.3886514457445524,0.3839660327307689,0.37735298211814183,0.40463532238474637,0.014231877737600065,False,True
8,32,lambda_max,13.251462278557982,13.255066610081302,13.239856502055392,13.259463723537253,0.010288546440444529,True,False
8,32,svd_abs,0.9523499417522915,0.9395096339918607,0.9348362699184474,0.982703921346566,0.026390967031313942,False,True
8,32,inverse,16.598532366984255,16.57621953543529,16.39853606053097,16.8208415049865,0.2120350653618296,True,False
8,32,frobenius_norm,0.35625892040079793,0.35317045962795024,0.334435737593518,0.38117056398092547,0.02351999025986922,False,True
8,32,trace_norm,0.9478738478393919,0.9429031452143786,0.9345732423569918,0.9661451559468052,0.016362375908479672,False,True
8,32,addition,0.318984517263964,0.319322496454834,0.3176941193337892,0.3199369360032687,0.0011589776112245044,False,True
8,32,multiplication,1.1319177606104736,1.104793794848745,1.0931984104776715,1.1977610765050044,0.05731596566985905,True,False
8,32,entropy,0.8438365799951925,0.8474576903685465,0.8315224390223814,0.8525296105946498,0.010961735474763503,False,True
8,32,michelson,0.3527351239253939,0.3514649740606872,0.3494671103047773,0.3572732874107172,0.004055127712099315,False,True
8,64,trace,0.41806253800473075,0.40272196495485907,0.4004856991236669,0.45097994993566637,0.02852923460925854,False,True
8,64,lambda_max,11.5862729450387,12.708304012771963,9.030955190774907,13.019559631569232,2.2184356276439563,True,False
8,64,svd_abs,1.7600876058490622,1.751576655881532,1.7512045138945072,1.777481647771148,0.015064831336761765,True,False
8,64,inverse,15.989973643258795,16.525629277542915,14.45380648459457,16.990485167638898,1.3505109789106189,True,False
8,64,frobenius_norm,0.37405609670986056,0.37551433970521886,0.36735285889686237,0.3793010915275004,0.006106137913943201,False,True
8,64,trace_norm,1.7876395959254527,1.7451656022097137,1.7170848068061275,1.9006683787605174,0.09888762349003363,True,False
8,64,addition,0.3444842533646754,0.343751914656662,0.32637761513178654,0.36332323030557767,0.018483691734334555,False,True
8,64,multiplication,1.9620648031401648,1.9811840431930425,1.8774587034271886,2.027551662800263,0.0768513703097838,True,False
8,64,entropy,1.4252213664990452,1.440017694153133,1.375990964549734,1.4596554407942686,0.04375082433913012,True,False
8,64,michelson,0.36281415271007894,0.35939548529625237,0.35443726547054955,0.37460970736343485,0.010511770457217384,False,True
8,128,trace,0.46886834950418804,0.4245681544572944,0.42048446482891433,0.5615524292263554,0.08029273382880944,False,True
8,128,lambda_max,10.993845834625857,10.973530035479932,10.928024537398821,11.079982930998817,0.07798966032478903,True,False
8,128,svd_abs,3.149530712972233,3.114890356066964,3.024614686194987,3.30908709665475,0.1453654148107117,True,False
8,128,inverse,13.040785324928185,13.075294248967506,10.821106014486464,15.225955711330585,2.202627604096003,True,False
8,128,frobenius_norm,0.4071666600566699,0.40342021381320586,0.4018268439650516,0.4162529223917522,0.007909161098669288,False,True
8,128,trace_norm,3.0436908241470033,3.0311796991679025,3.022600001633679,3.0772927716394287,0.029414638513968982,True,False
8,128,addition,0.3862324757206304,0.3830692664824493,0.37469382504361504,0.4009343356358268,0.013403190610760563,False,True
8,128,multiplication,3.5370097911798504,3.526490430127626,3.499251227660803,3.585287715751123,0.04397228716406766,True,False
8,128,entropy,2.438661754719781,2.4467281702951054,2.4105083663567735,2.458748727507465,0.025111419835657605,True,False
8,128,michelson,0.39727605354398515,0.40712179011376726,0.3735521266836246,0.41115424383456345,0.020644217108173223,False,True
8,256,trace,0.4850548360078953,0.4765630042951129,0.45451833596856045,0.5240831677600126,0.03555136931148956,False,True
8,256,lambda_max,18.962147214615797,20.848732633853867,14.837476058129429,21.200232951864088,3.576390950421004,True,False
8,256,svd_abs,3.751759184680538,3.7530134522753364,3.6723633252628214,3.8299007765034565,0.078776214850984,True,False
8,256,inverse,18.529616287065462,18.93011380553991,15.494061589937347,21.164673465719126,2.856441572685757,True,False
8,256,frobenius_norm,0.4547001648563895,0.455288386758671,0.4531772809864908,0.4556348268240066,0.001330182935018932,False,True
8,256,trace_norm,3.9603453231690797,3.9564315469650517,3.9043672155563476,4.02023720698584,0.05803405863455584,True,False
8,256,addition,0.5097005569497809,0.5090069120878912,0.5050955693393246,0.5149991894221269,0.004988113880209666,False,True
8,256,multiplication,6.558110932404226,6.6676608916058875,6.2619046912883,6.744767214318492,0.2594030632193555,True,False
8,256,entropy,3.4485157951916077,3.385300708854959,3.3516901830900956,3.6085564936297687,0.1396144180519276,True,False
8,256,michelson,0.5718482419618499,0.6184070013275234,0.438702076270684,0.6584356482873422,0.11703204357377084,False,True
8,512,trace,0.514544792464606,0.5196213212068628,0.5004504603000055,0.5235625958869499,0.012364103724109725,False,True
8,512,lambda_max,23.761288035254932,21.55333548069962,20.839810275276633,28.890718349788543,4.456520062608915,True,False
8,512,svd_abs,4.774437397529712,4.70081710067857,4.6788179320574805,4.943677159853084,0.14697810625551833,True,False
8,512,inverse,20.295588119328187,19.5198582525505,19.079638239281913,22.287267866152146,1.7388328198685787,True,False
8,512,frobenius_norm,0.5787291773671609,0.5886640804392128,0.5473556964859712,0.6001677551762988,0.02777238034569513,False,True
8,512,trace_norm,5.0345320375317195,4.96339780704113,4.902233062557706,5.2379652429963235,0.17881298416539354,True,False
8,512,addition,0.9057713514330693,0.9130708176195166,0.8611441450862821,0.943099091593409,0.04146221133998792,False,True
8,512,multiplication,13.540017087288831,13.604954762870541,13.196114339637415,13.818982159358535,0.31647078300137316,True,False
8,512,entropy,7.677685759135834,7.649206675184808,7.627766604278749,7.756083997943945,0.0687359589027052,True,False
8,512,michelson,0.4772677607583915,0.4776187621482521,0.4651422407676785,0.4890422793592438,0.01195388483512121,False,True
8,1024,trace,0.601198264799545,0.6143379754325394,0.5600279560565768,0.6292288629095185,0.03642362384437467,False,True
8,1024,lambda_max,39.06392044884226,36.44743509923369,35.42456046881072,45.31976577848238,5.441807486366619,True,False
8,1024,svd_abs,5.852237375835877,5.84975348914695,5.810066573046947,5.896892065313735,0.0434660073696113,True,False
8,1024,inverse,116.75826825723315,111.25214230292056,95.29831388611781,143.7243485826611,24.678093045781914,True,False
8,1024,frobenius_norm,70.2261979854054,57.825600376267666,57.22051894241193,95.63247463753663,22.00456091084006,True,False
8,1024,trace_norm,7.4697004828627245,7.583093539883804,7.149939052098361,7.676068856606009,0.280796424181743,True,False
8,1024,addition,1.180132871988467,0.9976897563765963,0.9863095921997759,1.556399267389029,0.32590593315398825,False,False
8,1024,multiplication,29.1105769538843,27.8594204696707,26.89252936027251,32.57978103170969,3.043066266869417,True,False
8,1024,entropy,5.647910829547324,5.48250677415217,5.446850895036568,6.014374819453232,0.31786746821937434,True,False
8,1024,michelson,0.5241645667751773,0.5181559668388149,0.5095731993396718,0.5447645341470452,0.01834897725426685,False,True
16,1,trace,0.40841543611821973,0.3593323261970993,0.3525927552289346,0.5133212269286253,0.09091355324359596,False,True
16,1,lambda_max,0.37174128383053695,0.3746796990093436,0.3505216348766473,0.39002251760562007,0.01991370500219123,False,True
16,1,svd_abs,0.12448936899213765,0.16205361337390994,0.04115355683719642,0.17026093676530665,0.07228750396822042,False,True
16,1,inverse,0.35110770807710273,0.3420509318516681,0.3382803870448758,0.37299180533476417,0.019045722265697805,False,True
16,1,frobenius_norm,0.36024658603732007,0.34130688628234807,0.33616043255158207,0.40327243927803,0.03735022800223666,False,True
16,1,trace_norm,0.1799549022642529,0.17842525036640577,0.17217868685887397,0.18926076956747886,0.008643162824588288,False,True
16,1,addition,0.30080831477963127,0.2988792225327587,0.2791256473213442,0.3244200744847909,0.022708750090854886,False,True
16,1,multiplication,0.4224777376032212,0.42767456086602745,0.40544559675474223,0.43431305518889407,0.015119119290835158,False,True
16,1,entropy,0.22994911598627585,0.23213331128719583,0.22292046792740094,0.23479356874423077,0.006230622969340382,False,True
16,1,michelson,0.32051366551899063,0.324443755489714,0.3122331369865425,0.32486410408071537,0.007174227332403463,False,True
16,2,trace,0.38528157463229107,0.3678661042646583,0.3677716661987895,0.42020695343342546,0.03024630213661028,False,True
16,2,lambda_max,13.175935088934443,13.085634307902488,13.011647249439138,13.430523709461704,0.223562173637436,True,False
16,2,svd_abs,0.2640980483257365,0.23648704865711828,0.23389819168386108,0.32190890463623034,0.05008240085720146,False,True
16,2,inverse,20.674817245516753,21.122836293947596,19.700016295795052,21.201599146807606,0.8451204443340647,True,False
16,2,frobenius_norm,0.32491171755117615,0.34138396586907965,0.29049054379045713,0.34286064299399155,0.029818753262536246,False,True
16,2,trace_norm,0.23132442235151499,0.23277875518925478,0.22461967902403016,0.23657483284126002,0.0061088246578701755,False,True
16,2,addition,0.29211832021006984,0.29514474940386115,0.28157003216226106,0.29964017906408735,0.009407550558576325,False,True
16,2,multiplication,0.4400208823578115,0.43760613155375766,0.432908976929133,0.4495475385905439,0.008578094172040921,False,True
16,2,entropy,0.2752735871985054,0.2737012935432515,0.2730051518452179,0.27911431620704685,0.003344331443461312,False,True
16,2,michelson,0.3351929629311323,0.33393762336933647,0.3330241550797885,0.338617110344272,0.0030003658458904276,False,True
16,4,trace,0.3524574232171669,0.37369494798622344,0.30750027825402637,0.3761770434112508,0.03895380420257253,False,True
16,4,lambda_max,13.293011073543786,13.187399535443198,12.670256308925506,14.02137737626265,0.6817238314636984,True,False
16,4,svd_abs,0.3428312393910297,0.34126287641200465,0.3367036832929559,0.35052715846812854,0.007043929180871692,False,True
16,4,inverse,19.804565512535245,20.792967414296758,16.696482559600078,21.9242465637089,2.750469570858457,True,False
16,4,frobenius_norm,0.3335414757235922,0.33360833377312754,0.3268294937867465,0.34018659961090264,0.006678803897294562,False,True
16,4,trace_norm,0.2665250346112292,0.3358761929890697,0.11541969343896047,0.3482792174056574,0.1310079266752986,False,True
16,4,addition,0.2994169300881573,0.30325163966845325,0.28367182156468324,0.31132732903133536,0.014220953606682752,False,True
16,4,multiplication,0.501155938008675,0.49503325491842415,0.4847295728098818,0.5237049862977191,0.0201961914801951,False,True
16,4,entropy,0.2853726806397849,0.357129583228702,0.12892084374179275,0.37006761494885976,0.1356456085458165,False,True
16,4,michelson,0.3302070996763076,0.3252008500360689,0.3251306787347459,0.3402897702581082,0.008731919350790623,False,True
16,8,trace,0.4211984227535413,0.4426997013592581,0.3724171515510882,0.44847841535027777,0.042344512028632084,False,True
16,8,lambda_max,14.18046281834278,14.394465865194674,13.74159999833061,14.405322591503054,0.38010511469632846,True,False
16,8,svd_abs,0.2799538905362672,0.17329262167249146,0.12864998689386586,0.5379190630424442,0.22451673407476935,False,True
16,8,inverse,19.58208873765287,16.912300628937295,16.465182645205363,25.368782938815958,5.016408172804022,True,False
16,8,frobenius_norm,0.40769235083259403,0.35848933382512826,0.3532385237326163,0.5113491949400374,0.08980784347368008,False,True
16,8,trace_norm,0.5450667090598854,0.5531763930341254,0.5126053400237014,0.5694183941218297,0.029261852463758096,False,True
16,8,addition,0.30124330396964505,0.3041567900962,0.2877233808146161,0.311849740998119,0.01232422877843679,False,True
16,8,multiplication,0.6080974758226524,0.6091018267842382,0.6024816766999509,0.6127089239837681,0.005187069248777699,False,True
16,8,entropy,0.5431779091263357,0.536177511282096,0.5357918769350432,0.5575643391618677,0.012460505821909905,False,True
16,8,michelson,0.32884311641564223,0.34589783595988827,0.2711621329070807,0.36946938037995786,0.05132471451915776,False,True
16,16,trace,0.38555992287739227,0.386151102458377,0.37641500898425706,0.3941136571895427,0.00886412189933923,False,True
16,16,lambda_max,9.97481140739355,12.22218720674701,2.6228732493637814,15.079373766069862,6.525268175969047,True,False
16,16,svd_abs,0.9321609034364204,0.9891361453599063,0.8091129987407661,0.9982335662085892,0.106659649840123,False,True
16,16,inverse,15.609887210585773,15.795271828157038,12.506504387008576,18.527885416591708,3.0149681537588315,True,False
16,16,frobenius_norm,0.350843642434264,0.3452556710515147,0.34486304951926705,0.36241220673201036,0.010020593687512437,False,True
16,16,trace_norm,0.9946854482473032,0.9918188699672628,0.9879231261403767,1.0043143486342703,0.008563351971499277,False,False
16,16,addition,0.3445013120653351,0.3470674531825299,0.3324618161426794,0.35397466687079604,0.010983601266778378,False,True
16,16,multiplication,0.8276912931256649,0.8282015040729462,0.8132850753320272,0.8415872999720215,0.014158008910197072,False,True
16,16,entropy,0.8800190784581446,0.8802654166341336,0.8728074088957178,0.8869844098445822,0.007091710008787524,False,True
16,16,michelson,0.3507686693371914,0.35058352891368255,0.35045776883804075,0.3512647102598509,0.00043416165983539197,False,True
16,32,trace,0.42533720942735415,0.403708229397088,0.39912718466889296,0.4731762142160815,0.04149306299952247,False,True
16,32,lambda_max,5.297195445741745,5.641957400833129,4.552318771456833,5.6973101649352715,0.6456755586544602,True,False
16,32,svd_abs,1.5560794877139095,1.851046327539884,0.9266463168340953,1.8905458187677495,0.5454627759111325,False,False
16,32,inverse,13.728342451475713,13.406761786981265,12.870108569608618,14.908156997837262,1.056395258311883,True,False
16,32,frobenius_norm,0.3792733919096556,0.38809133942264024,0.36155151708971117,0.38817731921661547,0.015347654005794466,False,True
16,32,trace_norm,2.582244740990175,1.8564069106856398,1.8490165744476665,4.041310737837219,1.263593622029595,True,False
16,32,addition,0.4157388450427069,0.4082688868272176,0.3794043561740465,0.4595432921268568,0.04058832924275185,False,True
16,32,multiplication,1.2501968291906456,1.2911814343507537,1.1590336563684216,1.300375396852761,0.0790833439852101,True,False
16,32,entropy,1.9866961991805236,1.5591931351424093,1.5414761858770258,2.8594192765221362,0.7558522672230855,True,False
16,32,michelson,0.3822997350870194,0.37676128800431735,0.3695568590345773,0.4005810582221637,0.01623671859932536,False,True
16,64,trace,0.42186368504531774,0.42565407684337975,0.4090767036230126,0.43086027466956106,0.01137568874275827,False,True
16,64,lambda_max,11.745202740992925,8.540450470905265,8.161648421209152,18.533509330864362,5.881896166780103,True,False
16,64,svd_abs,3.3700049453151952,3.3220476059234882,3.2461495680819956,3.541817661940102,0.15355727020421406,True,False
16,64,inverse,19.08832127325096,20.050214136745076,16.818024244656904,20.3967254383509,1.9737537762009194,True,False
16,64,frobenius_norm,0.4224009846543415,0.4293465687882348,0.4081799667615055,0.42967641841328424,0.012316866997132761,False,True
16,64,trace_norm,3.4717741883958677,3.546594447610023,3.3204810616408906,3.5482470559366894,0.13102629671574906,True,False
16,64,addition,0.5097120580199084,0.5110945967658692,0.5066216146362624,0.5114199626575937,0.002681342195900314,False,True
16,64,multiplication,2.2398381569735606,2.2602718697982978,2.185943857159947,2.273298743962437,0.047126123614422526,True,False
16,64,entropy,2.831746929406797,2.7837891844171754,2.7684568919686208,2.942994711834595,0.09664792609910983,True,False
16,64,michelson,0.4050998120687637,0.40534482909097164,0.3905513506791418,0.4194032564361777,0.014427513349815308,False,True
16,128,trace,0.45205707447589116,0.4614400353650978,0.4149811547378662,0.4797500333247096,0.03338834938471206,False,True
16,128,lambda_max,19.030836850094015,19.034151416072316,17.234896203080034,20.823462931129686,1.79428566013803,True,False
16,128,svd_abs,6.088298031264746,6.073614046200243,5.815458888873396,6.375821158720602,0.280469575765553,True,False
16,128,inverse,21.040919894254053,21.747821005340295,17.30396187582496,24.070976801596906,3.438445090014714,True,False
16,128,frobenius_norm,0.512399788850454,0.5112312205868795,0.5105814065477572,0.515386739416725,0.002607099889795257,False,True
16,128,trace_norm,5.996905387894053,6.161597480643609,5.457353918026195,6.371764765012355,0.4789357089758058,True,False
16,128,addition,0.8894415353959477,0.9173763652643547,0.8319313736813063,0.9190168672421819,0.049812014986526716,False,True
16,128,multiplication,4.210806721196583,4.341997215728111,3.7191225176002836,4.571300430261356,0.4409761990157924,True,False
16,128,entropy,5.059255167139892,4.902252419468917,4.856703156551461,5.418809925399297,0.3122153134910513,True,False
16,128,michelson,0.5110175267782037,0.4538874557639439,0.44359770424902517,0.6355674203216419,0.1079860024856048,False,True
16,256,trace,0.5689078935726547,0.5743262392887483,0.5395122459674065,0.5928851954618094,0.027095881368897217,False,True
16,256,lambda_max,32.050986362649596,32.361016594266815,29.689186043342236,34.10275645033974,2.2230587020518593,True,False
16,256,svd_abs,7.778847268895309,7.82737612262436,7.672057980542746,7.8371077035188215,0.09261015061434401,True,False
16,256,inverse,92.59203974549001,36.563995616821785,29.660913749113135,211.5512098705351,103.07946571673544,True,False
16,256,frobenius_norm,29.872269577766996,1.1068006676778628,0.769153936579367,87.74085412904375,50.11594865713864,False,False
16,256,trace_norm,10.718159198398618,11.375424372886542,7.694754697879626,13.084298524429686,2.7542319794766645,True,False
16,256,addition,1.0121154139636594,1.0186808104282512,0.9824278714025257,1.0352375600602017,0.02701007454790013,False,False
16,256,multiplication,7.839471526928492,8.101802882604794,7.292808844917313,8.123802853263367,0.47355154482377687,True,False
16,256,entropy,6.928742580593849,6.9004845508031325,6.858767805814458,7.026975385163957,0.08759186391094928,True,False
16,256,michelson,0.4782774739633698,0.47236681764689414,0.4645365314792509,0.49792907276396436,0.017463314316917153,False,True
16,512,trace,0.6986141554111237,0.6951907826937296,0.6848283596988366,0.7158233238408052,0.015778515808279575,False,True
16,512,lambda_max,61.74511501391049,59.90215940996772,57.97523001436103,67.35795561740272,4.9554262131598295,True,False
16,512,svd_abs,9.312889403528642,8.900760911276226,8.891097213771392,10.146810085538306,0.7222126588996928,True,False
16,512,inverse,28.374352693792773,28.712749360169052,27.04035549041703,29.36995323079223,1.2010997609904197,True,False
16,512,frobenius_norm,0.5626619241244865,0.5914943095186697,0.5007564250654811,0.5957350377893085,0.05365364903130754,False,True
16,512,trace_norm,9.770087777367364,9.028590835690402,8.927630625246245,11.354041871165444,1.372673001653346,True,False
16,512,addition,1.0084130687917916,1.024877707284415,0.9630997088031497,1.03726179028781,0.039728035731129936,False,False
16,512,multiplication,15.425350360046252,15.402745161364088,15.189126529439415,15.684179389335252,0.24829937530802812,True,False
16,512,entropy,8.10705719848516,8.13340516852151,8.021806797422624,8.165959629511349,0.07560205945328005,True,False
16,512,michelson,0.590806251835261,0.5779423375499657,0.5725598452039811,0.6219165727518362,0.027076407749420318,False,True
16,1024,trace,0.9879078929996618,0.9982750232890195,0.9530742245246014,1.0123744311853644,0.030979617013928498,False,False
16,1024,lambda_max,93.12653615980979,94.98133582346178,88.18225387512203,96.21601878084554,4.3261479383305135,True,False
16,1024,svd_abs,11.411177639006256,11.920058561258509,10.29957013484496,12.013904220915302,0.963823212233388,True,False
16,1024,inverse,42.89196244751029,41.07290286806331,39.48082848929307,48.12215598517449,4.598898622273862,True,False
16,1024,frobenius_norm,0.8001858985695661,0.8160654443465961,0.6888738510414525,0.8956184003206495,0.10428301465113185,False,True
16,1024,trace_norm,11.37865507373508,11.858081435675519,10.302523795034475,11.975359990495244,0.9338000115675196,True,False
16,1024,addition,1.426031964798721,1.4221697309882184,1.319602437910348,1.536323725497597,0.10841225373948288,True,False
16,1024,multiplication,29.955784719262436,29.811715086493642,29.541857563800722,30.51378150749295,0.5017231132758042,True,False
16,1024,entropy,10.776079393412472,11.238596592970788,9.839229348577929,11.250412238688696,0.8113574472763504,True,False
16,1024,michelson,0.6723007484110092,0.6569319236412089,0.6546840156088627,0.7052863059829562,0.028588433480686556,False,True
32,1,trace,0.3544886118591801,0.354409835504149,0.35297289915192215,0.35608310092146916,0.0015565966232159627,False,True
32,1,lambda_max,0.3188994049738952,0.31645461691096743,0.3143192915195418,0.3259243064911764,0.006176717139989595,False,True
32,1,svd_abs,0.27823889858376616,0.27799054310012644,0.2750082267113248,0.28171792593984724,0.003361737090999099,False,True
32,1,inverse,0.683620538426597,0.3908401656105017,0.3698634370954349,1.2901580125738543,0.5253815627175166,False,False
32,1,frobenius_norm,0.3358877901371118,0.3343518454027323,0.330704677246842,0.3426068477617611,0.006097930830359877,False,True
32,1,trace_norm,0.28128112149255563,0.2821555113445256,0.2793768503781342,0.28231100275500715,0.0016509787256649654,False,True
32,1,addition,0.3009726394531895,0.30037546270921317,0.2979685636938756,0.3045738919564799,0.003342911218062698,False,True
32,1,multiplication,0.4528660781106327,0.4421118261153618,0.43914902862700955,0.4773373795895267,0.021244481384407505,False,True
32,1,entropy,0.31257779559628024,0.31178292472870817,0.3108941936735278,0.31505626838660483,0.0021919355034751764,False,True
32,1,michelson,0.3287751502232257,0.3275545030744555,0.3152583777011098,0.3435125698941118,0.014166591993705608,False,True
32,2,trace,0.29239712736743056,0.36420094210139065,0.13369066680681466,0.3792997731940865,0.13765100487410253,False,True
32,2,lambda_max,7.772403246452008,6.42865848657052,5.868514440888721,11.020036811896784,2.8264435549875837,True,False
32,2,svd_abs,0.2827686171308066,0.25262928600205736,0.13601623575780486,0.45966032963255754,0.16391357276219906,False,True
32,2,inverse,11.601568880235499,11.87366247257118,6.839498265370744,16.09154590276458,4.632021433822799,True,False
32,2,frobenius_norm,0.5769650198179938,0.40690673255429477,0.34254170389385674,0.9814466230058296,0.3517665983527518,False,True
32,2,trace_norm,0.3454674415012005,0.4385904611588505,0.14408611286289422,0.45372575048185687,0.17456545731850825,False,True
32,2,addition,0.36219727128569446,0.32464367316919185,0.3160329193767717,0.4459152213111197,0.0726295920239342,False,True
32,2,multiplication,0.48685811505659915,0.4871499683217878,0.47317618295712993,0.5002481938908798,0.013538365032217493,False,True
32,2,entropy,0.5390727320196039,0.4667494354037023,0.4572253331885458,0.6932434274665638,0.1336006348476706,False,True
32,2,michelson,0.25380979309241725,0.34412121242099886,0.06228703985126775,0.35502112700498506,0.16595308310268664,False,True
32,4,trace,0.36634633372025815,0.3763153268154039,0.34326993481583423,0.3794537395295363,0.020046260209528616,False,True
32,4,lambda_max,10.737927658140855,11.007098769506356,10.096165600618432,11.110518604297773,0.5581826040048454,True,False
32,4,svd_abs,1.1794272968125974,0.810810835926728,0.7366776992096646,1.9907933553014,0.7036405979906352,False,False
32,4,inverse,12.668170121056528,12.77400451606766,12.422227139775103,12.808278707326824,0.2136811703866635,True,False
32,4,frobenius_norm,0.3521957143637553,0.3620212175299651,0.33197935385729993,0.36258657170400077,0.017510163632323657,False,True
32,4,trace_norm,0.792180273783881,0.7853241100654117,0.7757452806109502,0.8154714306752813,0.020731545659556604,False,True
32,4,addition,0.3429747035996717,0.348660195676149,0.3248846898744994,0.3553792252483666,0.016022571174152237,False,True
32,4,multiplication,0.6574151584270345,0.6040087971488621,0.5871002004059874,0.7811364777262539,0.10747882953311245,False,True
32,4,entropy,0.7345222951806071,0.7307891337578228,0.7263175418534772,0.7464602099305212,0.01057752995608688,False,True
32,4,michelson,0.3251057419964108,0.3461576803454426,0.2826338497778634,0.3465256958659264,0.03678219787239148,False,True
32,8,trace,0.38970080801510304,0.38892505067103733,0.38439659900572476,0.3957807743685472,0.005731597662565587,False,True
32,8,lambda_max,10.722158822080003,10.62315976505862,8.397294630293656,13.14602207088773,2.375911127595291,True,False
32,8,svd_abs,1.3675415127264205,1.3806847059611087,1.2881088098309375,1.4338310223872155,0.07374481984775293,True,False
32,8,inverse,11.521910926549864,11.168548465288872,11.115868307762621,12.281316006598104,0.658191352458805,True,False
32,8,frobenius_norm,0.35126325262748664,0.3438111489223716,0.32325539584868346,0.38672321311140495,0.032383504199629085,False,True
32,8,trace_norm,1.412288456162895,1.4221920106119859,1.37298499142409,1.4416883664526086,0.035406196182616166,True,False
32,8,addition,0.3881113650426788,0.3881743401185039,0.369965955328084,0.40619379968144853,0.0181140042789559,False,True
32,8,multiplication,0.802615823935085,0.7948116104094433,0.7562010586717841,0.8568348027240277,0.050768759311790104,False,True
32,8,entropy,1.2536069188929517,1.2051533851181253,1.1777649019222327,1.3779024696384972,0.10851069165891797,True,False
32,8,michelson,0.3743862139801712,0.3609567455223734,0.34907969631302366,0.41312220010511647,0.034067925388615826,False,True
32,16,trace,0.38738771763510954,0.37939088209725785,0.37142910438600724,0.4113431664220636,0.021124514693103006,False,True
32,16,lambda_max,18.139610747012714,13.331757799128585,10.671803577590426,30.41527086431913,10.713902771720967,True,False
32,16,svd_abs,2.6884577019097304,2.763660132142512,2.2727141925410437,3.028998781045637,0.38370971949779664,True,False
32,16,inverse,27.03976899942783,29.99430211817936,15.254096024792256,35.870908855311875,10.621214256596057,True,False
32,16,frobenius_norm,0.41188470804169536,0.38279141719922893,0.3785017153082456,0.4743609916176114,0.05414854469579112,False,True
32,16,trace_norm,3.2160257629894993,3.401155404163382,2.4821759040807323,3.764745980724384,0.6610228728314198,True,False
32,16,addition,0.45096465605374497,0.45416578508420685,0.43049191030816797,0.46823627276885993,0.01907471217851721,False,True
32,16,multiplication,1.2558054136107037,1.2509737587390917,1.2468936496372967,1.2695488324557234,0.012075719180772004,True,False
32,16,entropy,2.49285031755409,2.447854371751502,2.4009403924241197,2.6297561884866476,0.12086208456722129,True,False
32,16,michelson,0.3635301599467728,0.4004534994219588,0.24025337372021627,0.4498836066981431,0.10958425248681876,False,True
32,32,trace,0.4416028439886029,0.43521446031042244,0.4207031167914803,0.468890954863906,0.024720953036610684,False,True
32,32,lambda_max,23.14025599961025,28.54520487789484,11.859293865826372,29.016269255109542,9.772438560040655,True,False
32,32,svd_abs,5.524271533541087,5.476503337389211,5.345096609684822,5.751214653549227,0.207230105946906,True,False
32,32,inverse,16.57657131639554,12.630926249382016,10.424935917191183,26.67385178261342,8.813790498220884,True,False
32,32,frobenius_norm,0.5428839928212387,0.5394794270199613,0.5253609514248038,0.5638116000189506,0.019450100142391583,False,True
32,32,trace_norm,6.1353923651955276,5.4406843760971135,5.283865694400161,7.681627025089307,1.3413721490790382,True,False
32,32,addition,0.9408384637319421,0.9036781936099354,0.89883747568644,1.0199997218994512,0.06859837267385407,False,False
32,32,multiplication,2.273548472800957,2.288220380828622,2.133458420771345,2.3989666168029036,0.1333607858549969,True,False
32,32,entropy,4.615063126560023,4.625961975486847,4.464416910074684,4.754810494118539,0.14550325458355273,True,False
32,32,michelson,3.7634583526351784,0.48028701298130794,0.4748650457258113,10.335222999198416,5.691315777287011,False,False
32,64,trace,0.4785590732409963,0.4820010465473771,0.47062399534760974,0.48305217782800197,0.006892047237422324,False,True
32,64,lambda_max,33.63621880253622,33.795968305122635,25.46140975299146,41.65127834949456,8.096116428306338,True,False
32,64,svd_abs,12.994034944795638,14.37275724011403,10.220787062336187,14.388560531936703,2.401716115443806,True,False
32,64,inverse,40.53938301648915,55.19142056646137,7.455621738886424,58.971106744119645,28.713637040706796,True,False
32,64,frobenius_norm,39.78585342646906,57.125280457415705,0.6016532215651934,61.6306266004263,34.00920015584866,False,False
32,64,trace_norm,11.832050062355348,12.213993121014509,10.43743073908847,12.844726326963064,1.2482701578158308,True,False
32,64,addition,1.074193487225655,1.0545691942662365,1.021919106061246,1.146092161349483,0.06437058000765337,True,False
32,64,multiplication,4.077046481069431,4.051302635910584,4.01527484977608,4.164561957521626,0.07790198525987348,True,False
32,64,entropy,8.702326203903711,8.725652572865672,8.400689465591876,8.98063657325359,0.2906763690739398,True,False
32,64,michelson,0.5155891029984433,0.5010627879205436,0.49850918578937936,0.5471953352854071,0.027401563103118837,False,True
32,128,trace,0.5743733467482404,0.5708183007578622,0.5608649407452981,0.5914367987415609,0.015592895476183736,False,True
32,128,lambda_max,40.99317498365556,38.55996610230175,37.919855562991714,46.4997032856732,4.779521506523947,True,False
32,128,svd_abs,18.27616345534074,17.10796933909609,17.054199229526922,20.666321797399206,2.0701124320322624,True,False
32,128,inverse,35.08271504651284,21.666218965399977,14.137696781204637,69.44422939293389,29.995081475201154,True,False
32,128,frobenius_norm,21.750502671400255,0.5968713421272622,0.47117298134554336,64.18346369072796,36.74807594514731,False,False
32,128,trace_norm,17.93542741947685,17.06053546766286,16.718460935182172,20.027285855585518,1.8196586311674567,True,False
32,128,addition,1.0025810682653031,1.002600583184723,0.9899793288638745,1.015163292747312,0.01259199328321893,False,False
32,128,multiplication,6.6912852379186765,6.685263819400169,6.051693997473766,7.336897896882094,0.6426231079523397,True,False
32,128,entropy,14.385847314826648,14.338385349279605,13.642401664584302,15.176754930616033,0.7682769454277224,True,False
32,128,michelson,0.5388116319491411,0.5499893698047761,0.48738174312012805,0.5790637829225191,0.046851952715535536,False,True
32,256,trace,0.7237352558084161,0.7305073795573919,0.7045819611378761,0.7361164267299803,0.01682265957268598,False,True
32,256,lambda_max,47.51194736782881,46.411297268730145,43.91028328800068,52.214261546755615,4.259998440252426,True,False
32,256,svd_abs,19.935472917758137,20.603936919028207,17.095103053021255,22.10737878122495,2.5721314283353527,True,False
32,256,inverse,46.42268016447429,61.69030536328343,13.693122694073297,63.88461243606616,28.365854385839103,True,False
32,256,frobenius_norm,41.43469611009113,61.685139987528714,0.6921288947056045,61.926819448039076,35.28430514712687,False,False
32,256,trace_norm,19.010345460834355,19.52704023389618,16.820117098324516,20.68387905028237,1.9830265307683987,True,False
32,256,addition,1.3133203100956414,1.3144314431160498,1.3101544767910813,1.3153750103797928,0.0027819876310827903,True,False
32,256,multiplication,13.806687930843585,14.13450627524513,12.855099407125035,14.430458110160588,0.8372797686568645,True,False
32,256,entropy,15.959556435909462,15.411831469878527,15.205867342491006,17.260970495358855,1.1317527208016933,True,False
32,256,michelson,0.654757352921212,0.6602594546826398,0.6407504347284986,0.6632621693524976,0.012222904392580733,False,True
32,512,trace,1.0734877063142079,1.0476160598189368,1.0454924169486672,1.1273546421750198,0.0466622175751938,True,False
32,512,lambda_max,73.24358681213211,65.27707855363141,54.860729107105,99.59295277565992,23.406022706943958,True,False
32,512,svd_abs,20.767673492698105,21.829716023309633,18.339249657749143,22.134054797035542,2.1085746996275514,True,False
32,512,inverse,32.77316316435443,19.392473500018763,13.247087398262229,65.6799285947823,28.663266577709134,True,False
32,512,frobenius_norm,26.262338204377883,0.9674934283428261,0.9070293846748261,76.912491800116,43.864330137698914,False,False
32,512,trace_norm,19.79559760302269,20.448191157097686,18.20658586417671,20.73201578779367,1.3834225077286295,True,False
32,512,addition,6.083598744288959,3.1641342669417365,1.321407098009227,13.765254867915914,6.716010084568227,True,False
32,512,multiplication,28.156960922328988,27.58268464787907,14.183940816830102,42.70425730227779,14.268828194251686,True,False
32,512,entropy,18.67458193589762,19.244721005211435,17.37254325240318,19.40648155007825,1.1304955411039257,True,False
32,512,michelson,0.8174152937259574,0.7958632101337456,0.7689091749140973,0.8874734961300296,0.06215097583081829,False,True
32,1024,trace,0.9823720566523658,0.9165623637865511,0.6703065664297926,1.3602472397407537,0.3496465643024613,False,False
32,1024,lambda_max,80.80249050071122,79.93227917433636,79.04664481843696,83.42854750936036,2.3169416506666187,True,False
32,1024,svd_abs,25.14014895326915,25.21090342241006,24.86475772890995,25.344785708487453,0.24771225539297287,True,False
32,1024,inverse,43.66329973682564,28.898773840115307,27.237660800662468,74.85346456969914,27.02424117082336,True,False
32,1024,frobenius_norm,20.810138796359468,1.289173878435872,1.26568623766425,59.87555627297828,33.83164598248514,True,False
32,1024,trace_norm,24.997507477908595,24.95935555431369,24.777587907259417,25.25557897215267,0.2412686085775353,True,False
32,1024,addition,15.00602848634343,19.255833053034646,5.56827539776118,20.19397700823446,8.186783009274906,True,False
32,1024,multiplication,66.404735132374,74.35141201849657,49.80459248677088,75.05820089185458,14.38048815300282,True,False
32,1024,entropy,24.25229339427348,24.307495629747763,23.918794820800837,24.53058973227184,0.3096105917543379,True,False
32,1024,michelson,1.4368007837477625,1.4399570572882914,1.1532522154898233,1.7171930784651732,0.2819836799893614,True,False
64,1,trace,0.3550984660117152,0.3715704511454529,0.2872276702602981,0.40649727662939467,0.06131724448753683,False,True
64,1,lambda_max,0.5034723206976266,0.462143557559478,0.4389922346611682,0.6092811698722336,0.09236141164321005,False,True
64,1,svd_abs,0.22354135543685674,0.22423262881704095,0.21938693729758205,0.22700450019594728,0.00385554280124746,False,True
64,1,inverse,0.4652187940725511,0.44301462785193524,0.4331405289889406,0.5195012253767775,0.04726850133347351,False,True
64,1,frobenius_norm,0.3605531150816543,0.3744461262399457,0.3256882099620378,0.38152500904297937,0.030400639009479178,False,True
64,1,trace_norm,0.2314997131648954,0.22841993641578906,0.22767299378809153,0.23840620929080558,0.005992849687350526,False,True
64,1,addition,0.4335471189439388,0.35857270066984476,0.3533632580166997,0.588705398145272,0.1343962546975482,False,True
64,1,multiplication,0.5629045190487316,0.5629576386274983,0.5571821809843079,0.5685737375343887,0.005695964047082639,False,True
64,1,entropy,0.2744141047503971,0.24741509797752786,0.23785869926229566,0.3379685170113679,0.055246752641935376,False,True
64,1,michelson,0.4335000779940464,0.33998767354370457,0.307800387446485,0.6527121729919496,0.19052417770877106,False,True
64,2,trace,0.3714343712601686,0.3752559500202977,0.36002381803522987,0.3790233457249781,0.010059764474046102,False,True
64,2,lambda_max,2.8095786919725665,2.7100290638128643,1.9883453663301685,3.7303616457746664,0.8752644033733258,True,False
64,2,svd_abs,0.2201240861115493,0.22247002894550352,0.21297147438133324,0.22493075500781107,0.006315353047205513,False,True
64,2,inverse,14.783251149223432,14.436105354960514,10.717543656651172,19.196104436058615,4.249927161067864,True,False
64,2,frobenius_norm,0.388312447816846,0.38332240553733216,0.37983278606101656,0.4017821518521892,0.011794874146093138,False,True
64,2,trace_norm,0.2235572843280036,0.22367305787824496,0.2170991589225223,0.2298996361832435,0.006401023915106219,False,True
64,2,addition,0.42830448643072844,0.42107857960714945,0.40307923896639425,0.46075564071864167,0.029509356598186726,False,True
64,2,multiplication,0.7945472289119181,0.8218458643762349,0.7374657003548856,0.8243301220046338,0.04944965683193923,False,True
64,2,entropy,0.23368658156226627,0.23393410467653697,0.22739449034936676,0.239731149660895,0.006172053265425766,False,True
64,2,michelson,0.3863462071135689,0.3858648853310077,0.3768046109178157,0.3963691250918831,0.00979113408705023,False,True
64,4,trace,0.3658218196910183,0.35454079171138236,0.3396083896734522,0.4033162776882201,0.033318462495042396,False,True
64,4,lambda_max,1.1395650434392521,0.9590867368841668,0.9567112200353807,1.5028971733982086,0.31465709632146993,False,False
64,4,svd_abs,0.21804625112662732,0.2188310211307463,0.21477561432629091,0.22053211792284472,0.002957402810543044,False,True
64,4,inverse,9.237083024724795,6.983482159978967,6.807793791143772,13.91997312305164,4.056453051064651,True,False
64,4,frobenius_norm,0.4513853031101296,0.45128241329049323,0.3981018605907719,0.5047716354491235,0.05333496186198218,False,True
64,4,trace_norm,0.21890081527084101,0.2195528923587664,0.21666392348211516,0.2204856299716415,0.001992552011735171,False,True
64,4,addition,0.574657222729029,0.5875027172737948,0.5190156287092996,0.6174533222039924,0.05046037973215696,False,True
64,4,multiplication,1.124589145590577,1.1471910701659311,1.0639341911033195,1.1626421755024805,0.05309380182204648,True,False
64,4,entropy,0.22440411643842303,0.2248986496333291,0.2224550728019326,0.22585862688000738,0.0017548411327646877,False,True
64,4,michelson,0.4095495882369428,0.42523426038920026,0.3743921865914885,0.4290223177301396,0.030506056979711513,False,True
64,8,trace,0.39069247766266196,0.3855571626489841,0.36630923046364433,0.42021103987535763,0.027315377714420233,False,True
64,8,lambda_max,0.7302402670378091,0.6472331451987289,0.6195807034252193,0.9239069524894792,0.16828919506131823,False,True
64,8,svd_abs,0.21334894982379918,0.21358511229531443,0.21193663438417493,0.21452510279190823,0.0013102945123797485,False,True
64,8,inverse,6.4967212454235925,4.111412342020287,4.032078668751205,11.346672725499284,4.200368493030687,True,False
64,8,frobenius_norm,0.5505212333685706,0.5526998221187402,0.5316532591264312,0.5672106188605404,0.017878510690826164,False,True
64,8,trace_norm,0.21173352121925362,0.21182977911528172,0.21134816122508127,0.21202262331739785,0.00034738158472180923,False,True
64,8,addition,0.9057997663722689,0.911597464050516,0.8549389674344652,0.9508628676318257,0.0482240461911333,False,True
64,8,multiplication,2.0161461072882036,2.0139821178960364,2.0123709696657897,2.0220852343027844,0.005206137908896619,True,False
64,8,entropy,0.2167071857109911,0.2175640176119131,0.2148516443556125,0.2177058951654476,0.0016085109888307747,False,True
64,8,michelson,5.851151410660255,0.4372841098216393,0.4261438908549369,16.690026231304188,9.38674259577365,False,False
64,16,trace,0.399145675667409,0.4256134461166204,0.3452668353784918,0.42655674550711487,0.04666282810325596,False,True
64,16,lambda_max,0.5958670109598582,0.5971937821238175,0.5896149376677752,0.600792313087982,0.005705582495433411,False,True
64,16,svd_abs,0.21525856714585292,0.21640432107372148,0.21170944508540712,0.2176619352784302,0.003137291653947498,False,True
64,16,inverse,6.868477156254698,6.926947180063727,6.742396312814189,6.936087975886177,0.10928482442255852,True,False
64,16,frobenius_norm,0.5915189412679803,0.595230654546758,0.5782913643081136,0.6010348049490696,0.011817302342119508,False,True
64,16,trace_norm,0.21600350012808253,0.21660632727764886,0.21337549486971896,0.2180286782368798,0.002384445279576836,False,True
64,16,addition,1.3410631270047724,1.119803824939416,1.0460856503918012,1.8572999056831008,0.44859101758705666,True,False
64,16,multiplication,3.5065563166123126,3.4233721724101054,3.38339578721858,3.712900990208252,0.1798141292677149,True,False
64,16,entropy,0.2254352498316402,0.2132471436163197,0.21144813102477172,0.2516104748538292,0.022686249476231386,False,True
64,16,michelson,0.5583808683182591,0.49624837198719823,0.4848930329481184,0.6940012000194605,0.11758780425380451,False,True
64,32,trace,0.5046818065693514,0.4842286462858897,0.4795378158466645,0.5502789575754997,0.03955788300023798,False,True
64,32,lambda_max,0.6299740484682733,0.48561227852349415,0.4748898284614935,0.9294200384198325,0.2593832461964052,False,True
64,32,svd_abs,0.250994345169652,0.21297030902767997,0.2117270942444718,0.32828563223680435,0.06693910432715698,False,True
64,32,inverse,7.0356324416573734,2.313662630930942,2.213521654042032,16.579713039999145,8.265567911798072,True,False
64,32,frobenius_norm,22.177728157851856,0.6780503473999588,0.6075710442047945,65.24756308195082,37.29958782781514,False,False
64,32,trace_norm,0.23402718153772364,0.22312936757209734,0.21336630866553094,0.2655858683755427,0.027763147624124348,False,True
64,32,addition,1.026978447914095,1.0308575474769994,0.975199524629431,1.074878271635855,0.049952464516346516,False,False
64,32,multiplication,5.471169151237569,5.626272468406158,5.15989930241773,5.6273356828888215,0.2695681206940156,True,False
64,32,entropy,0.20872976456631168,0.20846431536708845,0.2071756717687523,0.21054930656309437,0.0017024101707359123,False,True
64,32,michelson,0.5617669832251204,0.5587259694991522,0.5290758144753217,0.5974991657008876,0.03431289220679936,False,True
64,64,trace,0.5881531171852994,0.5874810275043624,0.5641161395795051,0.6128621844720306,0.024379971320131668,False,True
64,64,lambda_max,0.5420917289205683,0.5717638394234068,0.4658910557103382,0.5886202916279599,0.06652775318241484,False,True
64,64,svd_abs,0.21809685672791432,0.20392531379015805,0.20362656356609238,0.24673869282749253,0.024805007443869494,False,True
64,64,inverse,10.673977831487422,12.758373775869378,5.765501722446836,13.49805799614605,4.266923537069563,True,False
64,64,frobenius_norm,44.83372738602538,59.14852861083883,0.7653476234108674,74.58730592382646,38.93719985318044,False,False
64,64,trace_norm,0.22914804593330299,0.237651437048217,0.2029615830542303,0.24683111769746163,0.02313795070427193,False,True
64,64,addition,1.3168852881878346,1.2385298072301099,1.1543591811082414,1.5577668762251522,0.212812424841624,True,False
64,64,multiplication,10.611803463470048,10.51099309795533,9.695984578046428,11.62843271440839,0.9701602946310542,True,False
64,64,entropy,0.2039267275062442,0.20475367802950833,0.20048687291196732,0.20653963157725694,0.003109960970977734,False,True
64,64,michelson,0.6880670965759567,0.6552385872212311,0.6366751705052459,0.7722875320013931,0.07352524340306808,False,True
64,128,trace,0.7807688588352599,0.7877149932296237,0.7621306224353313,0.7924609608408247,0.016314684925439443,False,True
64,128,lambda_max,0.52763885964032,0.5547656499590135,0.44381155954768947,0.5843393694142568,0.0740872013320742,False,True
64,128,svd_abs,0.2092483211798634,0.21167286406218977,0.20369111359282457,0.2123809858845759,0.0048256891997844635,False,True
64,128,inverse,6.287039412830883,4.8407291345666925,2.492824041028608,11.52756506289735,4.68780293941831,True,False
64,128,frobenius_norm,26.184619598889068,1.0815401249080623,0.984624683513417,76.48769398824572,43.56376726038001,False,False
64,128,trace_norm,0.20806616214664497,0.20916718539179815,0.20544524604117964,0.20958605500695718,0.0022794218263721203,False,True
64,128,addition,2.757736781161435,2.130766378613569,2.0333336231183647,4.109110341752371,1.1713373385404457,True,False
64,128,multiplication,22.1554485906258,22.498922820657803,21.292312536782273,22.675110414437324,0.7526708461431774,True,False
64,128,entropy,0.20497150447955706,0.20489910625836227,0.20436444150242833,0.2056509656778806,0.0006463104829181691,False,True
64,128,michelson,0.8000874241506487,0.7867772425414847,0.7859338838208989,0.8275511460895627,0.02378801863410199,False,True
64,256,trace,1.2637210755567003,1.2441891220410615,1.1863637643091631,1.3606103403198764,0.08875015616305768,True,False
64,256,lambda_max,0.5164342904822383,0.4952860618980601,0.48390876909247926,0.5701080404561756,0.04682963031131601,False,True
64,256,svd_abs,0.20697183060914734,0.20802594231192498,0.20422517278147778,0.20866437673403923,0.0023999992801163276,False,True
64,256,inverse,8.682908508807673,10.630026757272319,3.84617753588265,11.572521233268052,4.215157035943003,True,False
64,256,frobenius_norm,44.534640110041416,63.4309599067924,1.3486410935957156,68.82431932973614,37.49726609704501,True,False
64,256,trace_norm,0.2038211685370002,0.20122652023196688,0.19992684592878887,0.21031013945024488,0.005657061601068774,False,True
64,256,addition,11.608051121150092,13.897058233282356,3.2746928480696678,17.652402282098258,7.457164160180647,True,False
64,256,multiplication,44.39891025585397,44.534189427282385,35.6967011304253,52.965840209854235,8.635364293232316,True,False
64,256,entropy,0.2057456638723958,0.20544960852368052,0.20299690393454056,0.2087904791589663,0.0029081119385947246,False,True
64,256,michelson,1.0802699413299957,1.0403468748750548,1.0334137119325426,1.1670492371823895,0.07523298364796409,True,False
64,512,trace,1.0177294175397862,0.8710114370860873,0.8394760999180769,1.3427007156151947,0.2818747555248376,False,False
64,512,lambda_max,0.45050982914569776,0.44680707918958334,0.4279716180748791,0.47675079017263083,0.024599485270298833,False,True
64,512,svd_abs,0.20338338506762943,0.20431960751816292,0.20100498311413972,0.20482556457058565,0.0020752337275586124,False,True
64,512,inverse,8.945707262443328,6.505124433773452,4.616269591109189,15.715727762447342,5.938587907240239,True,False
64,512,frobenius_norm,29.566175554268337,2.4800727983105335,2.0123780710418906,84.20607579345258,47.32011948632932,True,False
64,512,trace_norm,0.20258675258596295,0.20179836442951615,0.1999350244080728,0.2060268689202999,0.003121507537105598,False,True
64,512,addition,25.231600789100423,25.82805595922634,20.63691931278821,29.229827095286712,4.327393570858594,True,False
64,512,multiplication,78.17751851568603,76.67902495214437,74.6171455627775,83.2363850321362,4.500770431550529,True,False
64,512,entropy,0.20644503124027158,0.2044689909322809,0.20376647940913697,0.21109962337939686,0.004046270084441057,False,True
64,512,michelson,1.8410962094476873,1.6762456455734096,1.5799766582883412,2.267066324481311,0.3720280011699954,True,False
64,1024,trace,1.7243257551262978,1.923923906289916,1.254372249387668,1.9946811097013095,0.40852646012917165,True,False
64,1024,lambda_max,0.43999933411805353,0.4272893562303986,0.42675554386458936,0.4659531022591727,0.02247820721171288,False,True
64,1024,svd_abs,0.20233032129826267,0.20121612628706514,0.20110268821447777,0.20467214939324505,0.0020288755922714258,False,True
64,1024,inverse,13.174903629130016,9.571461900181541,6.827628073694985,23.125620913513522,8.7260951674927,True,False
64,1024,frobenius_norm,23.402436032444967,3.9081857746148208,3.6053002708782196,62.69382205184186,34.0276754480972,True,False
64,1024,trace_norm,0.20306523503518537,0.2035316804447951,0.2021056851977411,0.2035583394630199,0.0008311014340726801,False,True
64,1024,addition,32.44038038515225,31.726693852463576,29.87924560092767,35.715201702065514,2.9827180982801393,True,False
64,1024,multiplication,106.71478522157541,104.89944969493935,104.18481038003789,111.06009558974898,3.780075261739942,True,False
64,1024,entropy,0.20240637545043058,0.2030548052029912,0.20062615915721718,0.20353816199108327,0.0015605402859636256,False,True
64,1024,michelson,3.8169535685971483,4.0123781035057275,2.9453940166759276,4.493088585609791,0.792138044352132,True,False
