experiment,dim,channels,samples,frac_z_positive,frac_z_negative,z_min,z_median,z_max,z_max_contrast_lt_0.1
1,2,1,20000,0.07005,0.92855,-1.9838297367095947,-0.37865936756134033,0.227350652217865,-0.0004239082336425781
2,2,1,20000,0.52885,0.46595,-0.9205419421195984,0.00313413143157959,0.9753666520118713,0.025295257568359375
3,2,1,20000,0.48135,0.0,-8.344650268554688e-07,9.5367431640625e-07,0.9461231827735901,0.02979600429534912
1,2,2,20000,0.00745,0.9925,-3.386317729949951,-1.2301033735275269,0.32752639055252075,-2.296923875808716
2,2,2,20000,0.5419,0.45765,-1.4254242181777954,0.01971280574798584,1.7241567373275757,0.01658010482788086
3,2,2,20000,0.72875,0.0,-9.5367431640625e-07,0.024139702320098877,1.3925871849060059,0.0033109188079833984
1,2,16,20000,0.0,1.0,-20.026416778564453,-13.528966903686523,-4.370246887207031,
2,2,16,20000,0.62375,0.37615,-3.325871467590332,0.2859649658203125,3.8311872482299805,
3,2,16,20000,1.0,0.0,0.0011510848999023438,0.7362251281738281,3.021923065185547,
1,2,32,20000,0.0,1.0,-36.446632385253906,-28.16236114501953,-15.920805931091309,
2,2,32,20000,0.6822,0.31775,-5.215984344482422,0.6187639236450195,6.099586486816406,
3,2,32,20000,1.0,0.0,0.07640457153320312,1.5427703857421875,4.511711120605469,
1,16,1,20000,0.0,1.0,-15.546446800231934,-6.983502388000488,-2.1787967681884766,-12.014732360839844
2,16,1,20000,0.5736,0.41945,-0.5258321762084961,0.005763530731201172,0.8899798393249512,0.011353492736816406
3,16,1,20000,0.9931,0.0,-7.62939453125e-06,0.3416008949279785,2.147491455078125,0.05685138702392578
1,16,2,20000,0.0,1.0,-28.999494552612305,-14.454472541809082,-5.7316484451293945,-27.46343994140625
2,16,2,20000,0.62985,0.36905,-0.5494346618652344,0.029482364654541016,0.8693065643310547,0.005184173583984375
3,16,2,20000,0.99995,0.0,1.71661376953125e-05,0.7265210151672363,3.3320064544677734,0.02570343017578125
1,16,16,20000,0.0,1.0,-166.305908203125,-120.91791534423828,-88.97185516357422,
2,16,16,20000,0.86405,0.13575,-1.1189117431640625,0.3904685974121094,2.2865447998046875,
3,16,16,20000,1.0,0.0,1.8286514282226562,6.196826934814453,12.654159545898438,
1,16,32,20000,0.0,1.0,-294.82049560546875,-243.4195556640625,-193.00242614746094,
2,16,32,20000,0.9407,0.0593,-1.0666351318359375,0.7916946411132812,3.75067138671875,
3,16,32,20000,1.0,0.0,6.1125640869140625,12.449699401855469,20.076873779296875,
